<service>
    <id>thingsboard</id>
    <name>ThingsBoard Server Application</name>
    <description>Open-source IoT Platform - Device management, data collection, processing and visualization</description>
    <workingdirectory>%BASE%\conf</workingdirectory>
    <logpath>%BASE%\logs</logpath>
    <logmode>rotate</logmode>
    <env name="LOADER_PATH" value="%BASE%\conf,%BASE%\extensions" />
    <env name="SQL_DATA_FOLDER" value="%BASE%\data\sql" />
    <executable>java</executable>
    <startargument>-Dplatform=windows</startargument>
    <startargument>-jar</startargument>
    <startargument>%BASE%\lib\thingsboard.jar</startargument>
</service>
